actor,title_id
Ryu Seung-ryong,1
Kim Myung-gon,1
Lee Seung-joon,1
Choi Duk-moon,1
Kim Min-seok,1
Han Seong-yong,1
Lee Seung-joon,1
Ryu Seung-ryong,2
Kim Eui-sung,2
Lee Dong-yong,2
Kwon Ji-hoon,2
Jung In-gi,2
Kim Ji-young,2
Ha Jung-woo,3
Oh Dal-su,3
Lim Won-hee,3
Lee Joon-hyuk,3
Ye Soo-jung,3
Ma Dong-seok,3
Lee Jung-jae,3
Kim Hae-sook,3
Lee Kyung-young,3
Kim Tae-joon,3
Park Sung-min,3
Yeom Hye-ran,3
Lee Seung-joon,3
Lee Woo-joo,3
Yoo Jae-hoon,3
Lee Sang-kyung,3
Yun Sung-chan,3
Yoo Jae-hoon,3
Lee Sang-kyung,3
Oh Dal-su,4
Jung Jin-young,4
Kim Min-jae,4
Choi Jae-sub,4
Hwang In-joon,4
Park Young-soo,4
Yeom Hye-ran,4
Jung Jae-min,4
Jung Ki-sub,4
Son Young-soon,4
Park Sung-min,4
Park Hye-jin,4
Park Jin-soo,4
Lee Jin-hee,4
Kim Ji-young,4
Kim Hyun-sook,4
Park Gil-soo,4
Hwang In-joon,4
Park Hye-jin,4
Yoo Hae-jin,5
Oh Dal-su,5
Kim Min-jae,5
Kim Seo-won,5
Kwon Ji-hoon,5
Lee Dong-yong,5
Kim Ji-soo,5
Ma Dong-seok,5
Song Kang-ho,6
Jung In-gi,6
Son Young-soon,6
Lee Dong-yong,6
Kim Dae-geun,6
Choi Kyo-sik,6
Oh Dal-su,6
Lee Jung-jae,7
Kim Hae-sook,7
Oh Dal-su,7
Choi Duk-moon,7
Ye Soo-jung,7
Kim Kang-woo,7
Hong Won-ki,7
Lee Ju-won,7
Ryu Seung-ryong,8
Jung Jin-young,8
Oh Dal-su,8
Park Gil-soo,8
Han Seong-yong,8
Kim Hyun-sook,8
Jung Jae-min,8
Kim Dae-young,8
Lee Jung-jae,9
Ha Jung-woo,9
Oh Dal-su,9
Lee Kyung-young,9
Choi Duk-moon,9
Kim Eui-sung,9
Kim Kang-woo,9
Jung Ki-sub,9
Hong Won-ki,9
Kim Hae-sook,9
Kim Seo-won,9
Kim Tae-joon,9
Yeom Hye-ran,9
Ryu Seung-ryong,10
Lee Joon-hyuk,10
Choi Kyo-sik,10
Hong Won-ki,10
Han Seong-yong,10
Kim Ji-young,10
Kim Ji-soo,10
Kim Myung-gon,10
Jung Jin-young,11
Yoo Hae-jin,11
Jung Seok-yong,11
Park Young-soo,11
Ha Jung-woo,12
Ma Dong-seok,12
Lim Won-hee,12
Lee Joon-hyuk,12
Lee Jung-jae,12
Lee Kyung-young,12
Kim Myung-gon,12
Ye Soo-jung,12
Kim Tae-joon,12
Lee Woo-joo,12
Yun Sung-chan,12
Jeon Seung-jae,12
Jung Jin-young,12
Kim Dae-hyun,12
Lee Joon-hyuk,12
Kim Dae-geun,12
Lee Woo-joo,12
Yun Sung-chan,12
Kim Min-seok,12
Song Kang-ho,13
Yoo Hae-jin,13
Choi Gwi-hwa,13
Lee Jung-eun,13
Kim Dae-hyun,13
Han Seong-yong,13
Choi Jae-sub,13
Kim Hyun-sook,13
Jung Jin-young,13
Jung Seok-yong,13
Park Gil-soo,14
Kim Dae-young,14
Jung Ki-sub,14
Jeon Seung-jae,14
Choi Kyo-sik,14
Lee Ju-won,14
Ma Dong-seok,15
Kim Eui-sung,15
Ye Soo-jung,15
Choi Gwi-hwa,15
Jung Seok-yong,15
Kim Min-seok,15
Park Sung-min,15
Kim Hyung-seok,15
Park Hye-jin,15
Kim Dae-young,15
Kim Dae-hyun,15
Yoo Jae-hoon,15
Yeom Hye-ran,15
Kim Ji-young,16
Choi Jae-sub,16
Kim Hyung-seok,16
Park Jin-soo,16
Son Young-soon,16
Park Young-soo,16
Hwang In-joon,16
Jeon Seung-jae,16
Ma Dong-seok,17
Lee Joon-hyuk,17
Kim Min-jae,17
Lee Jin-hee,17
Kim Ji-soo,17
Song Kang-ho,18
Oh Dal-su,18
Lee Jung-eun,18
Lee Jin-hee,18
Jung Jae-min,18
Kim Hyung-seok,18
Lim Won-hee,19
Kim Kang-woo,19
Park Jin-soo,19
Ma Dong-seok,20
Choi Gwi-hwa,20
Lee Ju-won,20
Kwon Ji-hoon,20
Kim Seo-won,20
Kim Dae-geun,20
Jung In-gi,20
Song Kang-ho,21
Lee Jung-eun,21
Lee Dong-yong,21
Lee Sang-kyung,21